date,match,surface,odds,model_prob,edge,stake,won,profit,bankroll
2024-01-01,Rinky Hijikata vs Thanasi Kokkinakis,Hard,2.63,0.45561775798327336,0.07538962110114406,30.410230597547386,True,49.56867587400224,1049.5686758740023
2024-01-01,Rinky Hijikata vs Tomas Machac,Hard,2.3,0.582149618485407,0.1473670097897548,52.47843379370012,True,68.22196393181015,1117.7906398058126
2024-01-01,Matteo Arnaldi vs Lukas Klein,Hard,1.53,0.7162301158310758,0.06263534458924569,50.528395712920705,True,26.780049727847974,1144.5706895336605
2024-01-01,James Duckworth vs Yannick Hanfmann,Hard,1.91,0.6317787059458423,0.10821849652175852,57.22853447668302,False,-57.22853447668302,1087.3421550569774
2024-01-08,Alexander Bublik vs James McCabe,Hard,1.3,0.821735967725853,0.05250519849508384,54.367107752848874,True,16.310132325854664,1103.6522873828321
2024-01-08,Tommy Paul vs Alex Bolt,Hard,1.25,0.8640401121081411,0.06404011210814109,55.18261436914161,True,13.795653592285403,1117.4479409751175
2024-01-15,Tomas Martin Etcheverry vs Andy Murray,Hard,2.2,0.5861198150949871,0.1315743605495326,55.87239704875588,True,67.04687645850706,1184.4948174336246
2024-01-15,Francisco Cerundolo vs Dane Sweeny,Hard,1.36,0.8765628913059318,0.14126877365887303,59.224740871681234,True,21.32090671380525,1205.8157241474298
2024-01-15,Holger Rune vs Yoshihito Nishioka,Hard,6.5,0.2319694968060354,0.07812334295988155,27.83251408481452,False,-27.83251408481452,1177.9832100626154
2024-01-15,Alex Michelsen vs James McCabe,Hard,5.0,0.32708561544312614,0.12708561544312613,46.782725385149,False,-46.782725385149,1131.2004846774664
2024-01-15,Juncheng Shang vs Mackenzie McDonald,Hard,1.67,0.7417663277271878,0.14296393251760686,56.56002423387332,True,37.89521623669512,1169.0957009141616
2024-01-15,Lorenzo Sonego vs Daniel Evans,Hard,1.8,0.7568463395813487,0.20129078402579315,58.454785045708086,True,46.76382803656647,1215.8595289507282
2024-01-29,Denis Shapovalov vs Hugo Gaston,Hard,1.8,0.6220000036212758,0.06644444806572025,45.4427523712,True,36.35420189696,1252.213730847688
2024-01-29,Harold Mayot vs Benoit Paire,Hard,2.5,0.4585279317559343,0.05852793175593429,30.53728324287391,False,-30.53728324287391,1221.6764476048143
2024-02-05,Roman Andres Burruchaga vs Diego Schwartzman,Clay,1.91,0.683545897797464,0.15998568837338023,61.08382238024072,False,-61.08382238024072,1160.5926252245736
2024-02-05,Adrian Mannarino vs James Duckworth,Hard,1.44,0.7608857739544882,0.06644132951004378,58.02963126122868,True,25.533037754940615,1186.1256629795141
2024-02-05,Marcos Giron vs Max Purcell,Hard,2.5,0.54373458541035,0.14373458541035,59.30628314897571,False,-59.30628314897571,1126.8193798305383
2024-02-05,Grigor Dimitrov vs Sebastian Korda,Hard,2.75,0.496752289262723,0.13311592562635938,56.34096899152692,False,-56.34096899152692,1070.4784108390113
2024-02-05,Luciano Darderi vs Sebastian Ofner,Clay,1.73,0.6294954595436771,0.05146077746275224,32.63754681932877,False,-32.63754681932877,1037.8408640196826
2024-02-05,James Duckworth vs Zachary Svajda,Hard,1.73,0.6526597449126066,0.07462506283168169,45.885844403454556,True,33.496666414521826,1071.3375304342044
2024-02-05,Taro Daniel vs Constant Lestienne,Hard,2.5,0.4664682454984942,0.06646824549849417,29.67080249360465,False,-29.67080249360465,1041.6667279405997
2024-02-12,Radu Albot vs Juncheng Shang,Hard,1.73,0.6544315111666819,0.07639682908575696,47.14844538127399,False,-47.14844538127399,994.5182825593257
2024-02-12,Luciano Darderi vs Mariano Navone,Clay,1.8,0.7132251836191863,0.15766962806363072,49.72591412796629,True,39.780731302373034,1034.2990138616988
2024-02-12,Zachary Svajda vs Max Purcell,Hard,1.91,0.6530076744696937,0.1294474650456099,51.714950693084944,False,-51.714950693084944,982.5840631686139
2024-02-12,Emil Ruusuvuori vs Ugo Humbert,Hard,2.2,0.5427241928240334,0.08817873827857886,39.71138551547192,True,47.65366261856631,1030.2377257871801
2024-02-12,Tommy Paul vs Alex Michelsen,Hard,1.36,0.7983611554065791,0.06306703775952038,51.51188628935901,True,18.54427906416925,1048.7820048513495
2024-02-12,Patrick Kypson vs Constant Lestienne,Hard,2.2,0.6105354146765556,0.15598996013110106,52.43910024256748,False,-52.43910024256748,996.342904608782
2024-02-12,Nicolas Jarry vs Stan Wawrinka,Clay,2.38,0.47261948807448306,0.0524514208475923,22.53221927094051,False,-22.53221927094051,973.8106853378415
2024-02-19,Emil Ruusuvuori vs Giulio Zeppieri,Hard,1.33,0.8148361514757371,0.06295645222761681,48.69053426689208,True,16.06787630807439,989.8785616459159
2024-02-19,Marcos Giron vs Taro Daniel,Hard,3.0,0.40920545102528627,0.07587211769195296,28.164068523727508,False,-28.164068523727508,961.7144931221883
2024-02-19,Joao Fonseca vs Arthur Fils,Clay,1.25,0.8698916544909999,0.06989165449099988,48.08572465610942,False,-48.08572465610942,913.6287684660789
2024-02-19,Andy Murray vs Alexandre Muller,Hard,1.91,0.6016666629443908,0.07810645352030698,37.44455456415142,True,34.074544653377785,947.7033131194567
2024-02-19,Sebastian Baez vs Corentin Moutet,Clay,1.3,0.8271793090347271,0.05794853980395798,47.385165655972834,True,14.215549696791852,961.9188628162485
2024-02-19,Alexander Bublik vs Marton Fucsovics,Hard,2.1,0.5572767165947711,0.08108624040429491,37.22650153078704,True,40.94915168386575,1002.8680145001142
2024-02-19,Jakub Mensik vs Andy Murray,Hard,2.2,0.5203055014071282,0.06576004686167364,30.226463496900507,False,-30.226463496900507,972.6415510032137
2024-02-19,Mariano Navone vs Yannick Hanfmann,Clay,1.67,0.7143442180434261,0.11554182283384518,48.63207755016069,False,-48.63207755016069,924.009473453053
2024-02-19,Joao Fonseca vs Cristian Garin,Clay,1.8,0.766292830815588,0.2107372752600324,46.200473672652656,False,-46.200473672652656,877.8089997804004
2024-02-19,Dusan Lajovic vs Laslo Djere,Clay,1.62,0.6746036258797427,0.057319675262458736,32.86753122258047,False,-32.86753122258047,844.9414685578199
2024-02-19,Mariano Navone vs Joao Fonseca,Clay,2.0,0.6335807259277942,0.13358072592779424,42.247073427890996,True,42.247073427890996,887.1885419857109
2024-02-26,Alexander Bublik vs Tomas Machac,Hard,2.1,0.557471038677871,0.08128056248739479,34.41670132328125,True,37.85837145560938,925.0469134413203
2024-02-26,Ugo Humbert vs Gael Monfils,Hard,2.5,0.6042476405292083,0.2042476405292083,46.25234567206601,False,-46.25234567206601,878.7945677692543
2024-03-04,Borna Coric vs Sebastian Ofner,Hard,3.5,0.39319594104568517,0.10748165533139947,33.05900319402839,False,-33.05900319402839,845.7355645752259
2024-03-04,Ben Shelton vs Jakub Mensik,Hard,1.5,0.7402883752917105,0.07362170862504391,42.2867782287613,True,21.14338911438065,866.8789536896065
2024-03-04,Jiri Lehecka vs Brandon Nakashima,Hard,2.0,0.5748048894431073,0.07480488944310726,32.42339214565376,False,-32.42339214565376,834.4555615439527
2024-03-04,Taylor Fritz vs Alejandro Tabilo,Hard,5.0,0.2518249821847519,0.0518249821847519,13.514263940932032,False,-13.514263940932032,820.9412976030208
2024-03-04,Alexander Zverev vs Tallon Griekspoor,Hard,3.75,0.333019268679606,0.06635260201293935,18.569860634945197,False,-18.569860634945197,802.3714369680756
2024-03-04,Tommy Paul vs Ugo Humbert,Hard,1.91,0.6318799505636177,0.10831974113953391,40.11857184840378,False,-40.11857184840378,762.2528651196718
2024-03-18,Alex Michelsen vs Lukas Klein,Hard,1.73,0.7232295139381273,0.1451948318572024,38.11264325598359,True,27.822229576868022,790.0750946965398
2024-03-18,Martin Damm vs Zhizhen Zhang,Hard,1.29,0.8299818668262527,0.05478806837664041,39.503754734827,False,-39.503754734827,750.5713399617129
2024-03-18,Daniel Evans vs Lorenzo Sonego,Hard,2.2,0.5472706141140734,0.09272515956861888,31.89855499672504,True,38.278265996070054,788.849605957783
2024-03-18,Yannick Hanfmann vs Emil Ruusuvuori,Hard,1.25,0.8636281155255876,0.06362811552558756,39.44248029788915,False,-39.44248029788915,749.4071256598938
2024-04-01,Max Purcell vs Alex Michelsen,Clay,3.0,0.38371034633551815,0.050377013002184834,14.157334692486907,True,28.314669384973815,777.7217950448677
2024-04-01,Dominic Thiem vs Maximilian Marterer,Clay,1.62,0.6875105506909354,0.07022660007365145,35.6770754435761,True,22.119786775017186,799.8415818198848
2024-04-01,Gael Monfils vs Henrique Rocha,Clay,3.2,0.45127739830679797,0.13877739830679797,39.992079090994245,False,-39.992079090994245,759.8495027288906
2024-04-01,Richard Gasquet vs Dominic Thiem,Clay,1.62,0.7244896090039703,0.10720565838668639,37.99247513644453,False,-37.99247513644453,721.857027592446
2024-04-01,Pavel Kotov vs Flavio Cobolli,Clay,2.63,0.4446363242126928,0.06440818733056347,18.75428098057094,True,30.56947799833063,752.4265055907766
2024-04-01,Frances Tiafoe vs Luciano Darderi,Clay,1.91,0.5932308626360256,0.06967065321194188,27.507172561679273,True,25.031527031128135,777.4580326219047
2024-04-08,Borna Coric vs Alexander Bublik,Clay,2.5,0.4662929541389952,0.06629295413899516,21.474995708998907,False,-21.474995708998907,755.9830369129058
2024-04-08,Francisco Cerundolo vs Daniel Altmaier,Clay,1.57,0.7098158388477542,0.0728731636885186,37.79915184564529,True,21.54551655201782,777.5285534649237
2024-04-08,Karen Khachanov vs Cameron Norrie,Clay,1.67,0.6839279551763076,0.08512555996672666,38.876427673246184,True,26.04720654107494,803.5757600059986
2024-04-08,Stefanos Tsitsipas vs Laslo Djere,Clay,1.29,0.8513720804369033,0.07617828198729093,40.17878800029993,True,11.65184852008698,815.2276085260856
2024-04-08,Roman Safiullin vs Jaume Munar,Clay,1.62,0.6761060499928256,0.058822099375541725,31.32439799673336,False,-31.32439799673336,783.9032105293522
2024-04-08,Ugo Humbert vs Zhizhen Zhang,Clay,3.0,0.42035083104650006,0.08701749771316675,25.579985936093237,False,-25.579985936093237,758.323224593259
2024-04-08,Lorenzo Sonego vs Felix Auger-Aliassime,Clay,2.63,0.43955045348653476,0.059322316604405456,18.145987699202585,True,29.57795994970021,787.9011845429593
2024-04-08,Ugo Humbert vs Lorenzo Sonego,Clay,2.63,0.4906226740570143,0.11039453717488501,35.08548539522093,False,-35.08548539522093,752.8156991477383
2024-04-15,Radu Albot vs Aleksandar Kovacevic,Clay,2.3,0.5990511970884814,0.1642685883928292,37.64078495738692,False,-37.64078495738692,715.1749141903514
2024-04-15,Marco Trungelliti vs Duje Ajdukovic,Clay,2.1,0.541183484162322,0.06499300797184582,22.18428970190887,False,-22.18428970190887,692.9906244884426
2024-04-15,Arthur Fils vs Daniel Altmaier,Clay,1.67,0.6607033059033122,0.06190091069373127,26.730437972368332,True,17.90939344148678,710.9000179299294
2024-04-22,Juncheng Shang vs Corentin Moutet,Clay,2.38,0.4921816446835827,0.07201357745669196,22.072970895341008,True,30.46069983557059,741.3607177655
2024-04-22,Francisco Cerundolo vs Fabian Marozsan,Clay,2.2,0.5875084780338297,0.13296302348837513,37.068035888275,True,44.48164306593001,785.84236083143
2024-04-22,Taylor Fritz vs Luciano Darderi,Clay,1.44,0.7996417071623914,0.10519726271794694,39.292118041571506,True,17.28853193829146,803.1308927697215
2024-04-22,Cameron Norrie vs Joao Fonseca,Clay,1.5,0.7238935724910902,0.05722690582442358,34.47052197391354,True,17.23526098695677,820.3661537566783
2024-04-22,Tallon Griekspoor vs Holger Rune,Clay,1.44,0.7762330213995723,0.08178857695512787,41.01830768783392,False,-41.01830768783392,779.3478460688443
2024-04-22,Daniil Medvedev vs Sebastian Korda,Clay,2.63,0.4466715477698068,0.06644341088767747,20.887737989700586,False,-20.887737989700586,758.4601080791438
2024-04-22,Felix Auger-Aliassime vs Jakub Mensik,Clay,1.91,0.5775115612497161,0.053951351825632377,21.471731027766044,True,19.539275235267098,777.9993833144108
2024-05-06,Hamad Medjedovic vs Alexei Popyrin,Clay,1.8,0.61070411737026,0.0551485618147044,24.134370233915654,True,19.307496187132525,797.3068795015433
2024-05-06,Dusan Lajovic vs Lorenzo Sonego,Clay,2.0,0.6475656364759008,0.14756563647590082,39.86534397507717,True,39.86534397507717,837.1722234766205
2024-05-06,Yoshihito Nishioka vs Sebastian Ofner,Clay,2.1,0.5532551089127249,0.07706463272224873,30.791903829031273,True,33.871094211934405,871.0433176885549
2024-05-06,Nuno Borges vs Pedro Martinez,Clay,1.91,0.5961219028680872,0.07256169344400343,33.164934711983065,False,-33.164934711983065,837.8783829765719
2024-05-06,Dominik Koepfer vs Frances Tiafoe,Clay,1.91,0.6446393995322148,0.12107919010813106,41.893919148828594,False,-41.893919148828594,795.9844638277433
2024-05-06,Holger Rune vs Luca Nardi,Clay,1.33,0.8270424051678131,0.07516270591969287,39.79922319138717,True,13.133743653157769,809.1182074809011
2024-05-06,Sebastian Baez vs Dusan Lajovic,Clay,2.38,0.485635811506917,0.06546774428002622,22.839007695873434,False,-22.839007695873434,786.2791997850277
2024-05-06,Alexandre Muller vs Arthur Fils,Clay,1.67,0.7199334067914672,0.12113101158188633,39.31395998925139,False,-39.31395998925139,746.9652397957763
2024-05-06,Karen Khachanov vs Francisco Cerundolo,Clay,1.8,0.6380470221273711,0.0824914665718155,34.66027018626831,True,27.728216149014653,774.6934559447909
2024-05-06,Tommy Paul vs Daniil Medvedev,Clay,1.5,0.7419716746281513,0.07530500796148465,38.73467279723955,False,-38.73467279723955,735.9587831475513
2024-05-06,Zhizhen Zhang vs Thiago Monteiro,Clay,2.1,0.5612856956401371,0.08509521944966092,29.889955848063007,True,32.87895143286931,768.8377345804206
2024-05-20,Aleksandar Vukic vs Mackenzie McDonald,Clay,2.2,0.5696998275182825,0.11515437297282799,38.441886729021036,False,-38.441886729021036,730.3958478513996
2024-05-20,Frances Tiafoe vs Jaume Munar,Clay,2.63,0.44706879012326817,0.06684065324113886,19.692784756880055,True,32.099239153714485,762.4950870051141
2024-05-20,Alex Michelsen vs Aleksandar Kovacevic,Clay,2.0,0.6303835132768493,0.13038351327684927,38.12475435025571,True,38.12475435025571,800.6198413553698
2024-05-20,Denis Shapovalov vs Federico Coria,Clay,2.3,0.5923704434189532,0.15758783472330096,40.030992067768494,False,-40.030992067768494,760.5888492876013
2024-05-20,Luciano Darderi vs Adrian Mannarino,Clay,7.0,0.1930962237514252,0.05023908089428236,11.144958045272606,False,-11.144958045272606,749.4438912423287
2024-05-26,Kei Nishikori vs Gabriel Diallo,Clay,2.75,0.44722831166595983,0.08359194802959619,24.611507960217793,True,43.070138930381134,792.5140301727099
2024-05-26,Alexander Zverev vs Rafael Nadal,Clay,3.5,0.35099418347419015,0.06527989775990445,18.107332202037504,False,-18.107332202037504,774.4066979706724
2024-05-26,Alexander Bublik vs Gregoire Barrere,Clay,1.91,0.7493188190566376,0.22575860963255379,38.72033489853362,True,35.235504757665595,809.642202728338
2024-05-26,Denis Shapovalov vs Frances Tiafoe,Clay,2.5,0.47049443588461004,0.07049443588461002,23.781362645711354,False,-23.781362645711354,785.8608400826266
2024-06-10,Luca Nardi vs David Goffin,Grass,2.75,0.48229906508617365,0.11866270144981,36.63485974021563,True,64.11100454537736,849.971844628004
2024-06-10,Alexei Popyrin vs Rinky Hijikata,Grass,2.2,0.5745891535801394,0.12004369903468487,42.4985922314002,False,-42.4985922314002,807.4732523966038
2024-06-10,Gijs Brouwer vs Adrian Mannarino,Grass,1.53,0.7327142088389309,0.07911943759710083,40.37366261983019,False,-40.37366261983019,767.0995897767737
2024-06-10,Jack Draper vs Matteo Berrettini,Grass,2.2,0.5431452372875833,0.08859978274212882,31.150559456407557,True,37.38067134768907,804.4802611244627
2024-06-17,Grigor Dimitrov vs Adrian Mannarino,Grass,5.0,0.2725039657522742,0.07250396575227419,18.22750290654645,False,-18.22750290654645,786.2527582179163
2024-06-17,Milos Raonic vs Cameron Norrie,Grass,2.38,0.5067274442421218,0.08655937701523103,29.343653342080206,False,-29.343653342080206,756.9091048758361
2024-06-17,Daniil Medvedev vs Nuno Borges,Grass,8.0,0.1916684068587048,0.06666840685870479,14.417692616834366,False,-14.417692616834366,742.4914122590017
2024-06-17,Marcos Giron vs Andrey Rublev,Grass,4.0,0.31970693690043783,0.06970693690043783,17.252267341151736,True,51.75680202345521,794.2482142824568
2024-06-17,Billy Harris vs Tomas Martin Etcheverry,Grass,1.91,0.7281692832546838,0.2046090738306,39.712410714122846,False,-39.712410714122846,754.535803568334
2024-06-17,Jannik Sinner vs Tallon Griekspoor,Grass,6.5,0.23432718220289783,0.08048102835674398,17.94171877820687,False,-17.94171877820687,736.5940847901271
2024-06-17,Lorenzo Musetti vs Brandon Nakashima,Grass,1.91,0.6002212987922235,0.07666108936813976,29.630241889474057,True,26.96352011942139,763.5576049095484
2024-06-17,Hubert Hurkacz vs Marcos Giron,Grass,3.75,0.32662086016091485,0.05995419349424819,15.60630013252901,False,-15.60630013252901,747.9513047770195
2024-06-23,Alejandro Tabilo vs Jakub Mensik,Grass,2.38,0.5310912309027553,0.11092316367586458,35.77119519986079,False,-35.77119519986079,712.1801095771586
2024-06-24,Billy Harris vs Jacob Fearnley,Grass,2.2,0.5978757589748609,0.14333030442940636,35.60900547885793,True,42.730806574629526,754.9109161517881
2024-06-24,Giles Hussey vs Mariano Navone,Grass,1.57,0.7321968807536066,0.09525420559437092,37.74554580758941,False,-37.74554580758941,717.1653703441987
2024-06-24,Flavio Cobolli vs Arthur Rinderknech,Grass,2.2,0.6021734727043797,0.14762801815892518,35.858268517209936,True,43.029922220651926,760.1952925648505
2024-07-01,Casper Ruud vs Alex Bolt,Grass,1.4,0.8073416002192597,0.09305588593354541,38.00976462824253,True,15.203905851297009,775.3991984161476
2024-07-01,Brandon Nakashima vs Sebastian Baez,Grass,5.5,0.24490056262507484,0.06308238080689302,14.945952850842142,False,-14.945952850842142,760.4532455653055
2024-07-01,Daniel Altmaier vs Arthur Fery,Grass,1.91,0.6863632643624887,0.16280305493840497,38.02266227826527,True,34.600622673221395,795.0538682385269
2024-07-01,Lloyd Harris vs Alex Michelsen,Grass,2.1,0.595284815575541,0.11909433938506486,39.752693411926344,False,-39.752693411926344,755.3011748266006
2024-07-01,Aleksandar Vukic vs Sebastian Ofner,Grass,2.2,0.5146511547353443,0.060105700189889755,20.807373568299628,False,-20.807373568299628,734.4938012583009
2024-07-01,Lorenzo Sonego vs Mariano Navone,Grass,9.0,0.24974028713427557,0.13862917602316446,28.637513567595047,False,-28.637513567595047,705.8562876907058
2024-07-01,Otto Virtanen vs Max Purcell,Grass,1.57,0.7550530857519009,0.11811041059266525,35.29281438453529,False,-35.29281438453529,670.5634733061705
2024-07-01,Miomir Kecmanovic vs Sumit Nagal,Grass,9.0,0.18811696777584014,0.07700585666472903,14.522994762192509,False,-14.522994762192509,656.040478543978
2024-07-01,Tomas Martin Etcheverry vs Luca Nardi,Grass,1.57,0.7373639131192569,0.10042123796002123,32.8020239271989,True,18.697153638503377,674.7376321824813
2024-07-01,Quentin Halys vs Christopher Eubanks,Grass,2.0,0.5607178504896396,0.060717850489639624,20.48430933529468,False,-20.48430933529468,654.2533228471866
2024-07-01,Arthur Rinderknech vs Kei Nishikori,Grass,3.2,0.4152441618965156,0.10274416189651558,24.443894299616225,False,-24.443894299616225,629.8094285475704
2024-07-01,Miomir Kecmanovic vs Tallon Griekspoor,Grass,2.5,0.5485541389815314,0.14855413898153136,31.490471427378523,True,47.235707141067785,677.0451356886382
2024-07-01,Jannik Sinner vs Matteo Berrettini,Grass,4.5,0.28417730794399326,0.06195508572177105,13.482768027567115,False,-13.482768027567115,663.5623676610711
2024-07-01,Ben Shelton vs Lloyd Harris,Grass,1.67,0.6707465728610217,0.07194417765144079,29.748089402700522,True,19.93121989980935,683.4935875608804
2024-07-01,Emil Ruusuvuori vs Stefanos Tsitsipas,Grass,4.33,0.29795612479544153,0.06700924257835147,14.888564440663052,True,49.57891958740796,733.0725071482884
2024-07-01,Tommy Paul vs Alexander Bublik,Grass,2.63,0.46825385310348405,0.08802571622135474,26.029429667590403,False,-26.029429667590403,707.043077480698
2024-07-01,Arthur Fils vs Roman Safiullin,Grass,2.1,0.5394057774059332,0.06321530121545704,21.3321537140947,False,-21.3321537140947,685.7109237666033
2024-07-01,Taylor Fritz vs Alejandro Tabilo,Grass,5.0,0.2855685076242085,0.08556850762420848,18.336018877601763,False,-18.336018877601763,667.3749048890015
2024-07-15,Cameron Norrie vs Jozef Kovalik,Clay,1.57,0.777561657736777,0.14061898257754135,33.368745244450075,True,19.020184789336543,686.3950896783381
2024-07-15,Alex Michelsen vs Reilly Opelka,Grass,1.62,0.8134961967033085,0.1962122460860246,34.3197544839169,True,21.278247780028483,707.6733374583665
2024-07-15,Fabio Fognini vs Titouan Droguet,Clay,1.73,0.657452412999506,0.07941773091858106,33.297648115775495,True,24.30728312451611,731.9806205828826
2024-07-15,Timofey Skatov vs Taro Daniel,Clay,2.2,0.5995488281155668,0.14500337357011223,36.59903102914413,False,-36.59903102914413,695.3815895537384
2024-07-15,Christopher Eubanks vs Aleksandar Vukic,Grass,2.5,0.4568760236656403,0.05687602366564026,16.479391560045404,True,24.719087340068107,720.1006768938065
2024-07-15,Reilly Opelka vs Adrian Mannarino,Grass,1.67,0.7946884723475927,0.19588607713801176,36.005033844690324,False,-36.005033844690324,684.0956430491162
2024-07-15,Aleksandar Kovacevic vs Arthur Rinderknech,Grass,2.38,0.6886197673762893,0.2684517001493985,34.20478215245581,True,47.20259937038902,731.2982424195053
2024-07-15,Quentin Halys vs Gustavo Heide,Clay,1.67,0.6532866840392813,0.054484288829700356,24.8283290982325,True,16.634980495815775,747.933222915321
2024-07-15,Francisco Cerundolo vs Maximilian Marterer,Clay,1.25,0.8573894228050971,0.05738942280509707,37.39666114576605,True,9.349165286441513,757.2823882017625
2024-07-22,Adam Walton vs Miomir Kecmanovic,Hard,1.4,0.772844969991324,0.058559255705609714,37.86411941008813,False,-37.86411941008813,719.4182687916743
2024-07-22,Thiago Monteiro vs Tomas Machac,Clay,2.1,0.6169736658682574,0.14078318967778125,35.97091343958372,True,39.568004783542094,758.9862735752164
2024-07-22,Flavio Cobolli vs Mariano Navone,Clay,1.73,0.7154976081344209,0.13746292605349597,37.949313678760824,True,27.7029989854954,786.6892725607117
2024-07-22,Lukas Neumayer vs Sebastian Ofner,Clay,2.75,0.468042250862454,0.10440588722609034,32.26731807865843,True,56.467806637652245,843.157079198364
2024-07-22,Yoshihito Nishioka vs Arthur Rinderknech,Hard,2.1,0.5504273767290093,0.07423690053853316,29.874107562795242,False,-29.874107562795242,813.2829716355689
2024-07-29,Mitchell Krueger vs Luca Nardi,Hard,2.2,0.5098078724052879,0.05526241785983338,20.59932573270543,False,-20.59932573270543,792.6836459028634
2024-07-29,Thanasi Kokkinakis vs Aleksandar Vukic,Hard,1.53,0.7054321655383999,0.05183739429656986,29.6550479711402,True,15.717175424704307,808.4008213275678
2024-07-29,Carlos Alcaraz vs Tommy Paul,Clay,1.25,0.8606728784523432,0.06067287845234315,40.42004106637839,True,10.105010266594597,818.5058315941624
2024-08-06,Rinky Hijikata vs Taro Daniel,Hard,2.3,0.48809588025476686,0.05331327155911464,19.301079701297425,True,25.091403611686648,843.5972352058491
2024-08-06,Ugo Humbert vs Arthur Fils,Hard,2.3,0.512859915759221,0.07807730706356875,29.13295016416016,False,-29.13295016416016,814.4642850416889
2024-08-06,Andrey Rublev vs Tomas Martin Etcheverry,Hard,3.75,0.4317327941627611,0.16506612749609445,40.723214252084446,False,-40.723214252084446,773.7410707896045
2024-08-06,Alexei Popyrin vs Andrey Rublev,Hard,3.4,0.36146371223514917,0.06734606517632563,18.455064206477996,True,44.29215409554719,818.0332248851516
2024-08-12,Holger Rune vs Matteo Berrettini,Hard,2.2,0.5340698767821751,0.07952442223672057,29.816242307240127,True,35.779490768688156,853.8127156538397
2024-08-12,Ben Shelton vs Fabian Marozsan,Hard,2.63,0.44736909580801243,0.06714095892588312,23.123752417431362,False,-23.123752417431362,830.6889632364084
2024-08-12,Alexander Zverev vs Ben Shelton,Hard,3.5,0.3458109494980668,0.06009666378378109,17.47257236638064,False,-17.47257236638064,813.2163908700278
2024-08-18,Zizou Bergs vs Reilly Opelka,Hard,1.67,0.6619056858487744,0.06310329063919351,31.977153934178254,False,-31.977153934178254,781.2392369358496
2024-08-18,Alex Michelsen vs Marton Fucsovics,Hard,1.73,0.6347921212239619,0.05675743914303699,26.270605997435872,True,19.177542378128187,800.4167793139778
2024-08-18,Lorenzo Sonego vs David Goffin,Hard,2.3,0.554024841956757,0.11924223326110484,40.02083896569889,True,52.02709065540855,852.4438699693864
2024-08-26,Brandon Nakashima vs Holger Rune,Hard,2.5,0.5038421851246261,0.10384218512462606,36.88318089738072,True,55.324771346071074,907.7686413154574
2024-08-26,Frances Tiafoe vs Aleksandar Kovacevic,Hard,1.4,0.7888064937150764,0.07452077942936208,45.388432065772875,True,18.155372826309147,925.9240141417666
2024-08-26,Alex Michelsen vs Eliot Spizzirri,Hard,1.22,0.8715732843181041,0.0519011531705631,46.29620070708833,True,10.185164155559432,936.109178297326
2024-08-26,Matteo Arnaldi vs Zachary Svajda,Hard,1.3,0.8269564284379586,0.05772565920718942,46.80545891486631,True,14.041637674459894,950.150815971786
2024-08-26,Flavio Cobolli vs James Duckworth,Hard,3.5,0.5528758216066652,0.26716153589237945,47.507540798589304,False,-47.507540798589304,902.6432751731967
2024-08-26,Tommy Paul vs Lorenzo Sonego,Hard,4.33,0.28967235298631355,0.05872547076922349,17.23162875408269,False,-17.23162875408269,885.411646419114
2024-08-26,Frances Tiafoe vs Ben Shelton,Hard,2.3,0.62997751625785,0.19519490756219782,44.270582320955704,True,57.55175701724241,942.9634034363564
2024-08-26,Tomas Machac vs David Goffin,Hard,2.5,0.4766401689498168,0.07664016894981679,30.11203106369026,False,-30.11203106369026,912.8513723726662
2024-09-18,Yoshihito Nishioka vs Maximilian Marterer,Hard,3.2,0.4287988287024491,0.11629882870244912,38.60492559504158,False,-38.60492559504158,874.2464467776247
2024-09-18,Aleksandar Vukic vs Borna Coric,Hard,1.91,0.5791200092787375,0.05555979985465376,25.487458524345993,False,-25.487458524345993,848.7589882532786
2024-09-18,Alexander Shevchenko vs Marco Trungelliti,Hard,1.73,0.7298489551915947,0.15181427311066975,42.43794941266393,True,30.97970307124467,879.7386913245233
2024-09-18,Mikhail Kukushkin vs Alexander Shevchenko,Hard,1.62,0.6788238867596681,0.06153993614238418,35.3650330143045,False,-35.3650330143045,844.3736583102188
2024-09-18,Lorenzo Musetti vs Alibek Kachmazov,Hard,1.25,0.8676545271694606,0.06765452716946052,42.218682915510946,True,10.554670728877737,854.9283290390965
2024-09-25,Kei Nishikori vs Marin Cilic,Hard,2.3,0.5340840197646493,0.09930141106899704,37.54997225073401,False,-37.54997225073401,817.3783567883626
2024-09-25,Jack Draper vs Hubert Hurkacz,Hard,2.3,0.5362549013275146,0.10147229263186242,36.68555545485635,False,-36.68555545485635,780.6928013335062
2024-09-26,Daniil Medvedev vs Gael Monfils,Hard,4.5,0.31761777887282366,0.09539555665060145,23.938272114533742,False,-23.938272114533742,756.7545292189724
2024-10-02,Arthur Cazaux vs Marin Cilic,Hard,2.5,0.520068055258473,0.12006805525847297,37.83772646094862,True,56.75658969142293,813.5111189103953
2024-10-02,Jakub Mensik vs Pedro Martinez,Hard,1.4,0.7739741389459338,0.05968842466021951,40.67555594551977,True,16.270222378207905,829.7813412886032
2024-10-02,Yosuke Watanuki vs Pavel Kotov,Hard,1.8,0.6523167124775682,0.09676115692201259,41.48906706443017,False,-41.48906706443017,788.2922742241731
2024-10-02,Zizou Bergs vs Zhizhen Zhang,Hard,1.73,0.634622710466103,0.05658802838517807,26.42865639384672,False,-26.42865639384672,761.8636178303263
2024-10-02,Alex Michelsen vs Yunchaokete Bu,Hard,2.38,0.5328987130693812,0.11273064584249043,37.03028965270714,False,-37.03028965270714,724.8333281776193
2024-10-02,Ben Shelton vs Denis Shapovalov,Hard,1.67,0.7765384448398759,0.177736049630295,36.24166640888097,True,24.281916493950245,749.1152446715695
2024-10-02,Yibing Wu vs Nicolas Jarry,Hard,1.8,0.6940885588398231,0.13853300328426754,37.455762233578476,False,-37.455762233578476,711.659482437991
2024-10-02,Tomas Machac vs Tommy Paul,Hard,2.5,0.46797898874209065,0.06797898874209063,20.157454977022603,True,30.236182465533904,741.8956649035249
2024-10-14,Tomas Martin Etcheverry vs Richard Gasquet,Hard,1.4,0.7777853291834491,0.06349961489773481,37.094783245176245,True,14.837913298070495,756.7335782015954
2024-10-14,Marton Fucsovics vs Raphael Collignon,Hard,1.8,0.6272095319262183,0.07165397637066273,30.500420586381107,True,24.400336469104886,781.1339146707003
2024-10-14,Laslo Djere vs Pedro Martinez,Hard,2.75,0.423681650970853,0.06004528733448933,18.42633978158155,False,-18.42633978158155,762.7075748891187
2024-10-14,Daniel Evans vs Taro Daniel,Hard,2.75,0.4644352226376027,0.10079885900123903,30.20287808230993,False,-30.20287808230993,732.5046968068089
2024-10-14,Alexander Shevchenko vs Mikhail Kukushkin,Hard,1.67,0.663175752491082,0.06437335728150106,29.38314311631728,True,19.686705887932575,752.1914026947414
2024-10-14,Arthur Rinderknech vs Alexander Blockx,Hard,1.62,0.7056107738990598,0.08832682328177588,37.609570134737076,True,23.31793348353699,775.5093361782784
2024-10-14,Alejandro Tabilo vs Maximilian Marterer,Hard,2.75,0.47776481440074436,0.11412845076438072,34.77087392874081,False,-34.77087392874081,740.7384622495376
2024-10-14,Karen Khachanov vs Otto Virtanen,Hard,2.75,0.42861954290020216,0.06498317926383851,18.91039082427857,False,-18.91039082427857,721.828071425259
2024-10-14,Gabriel Diallo vs Alejandro Tabilo,Hard,1.8,0.6371121048116024,0.08155654925604683,33.11426624714519,False,-33.11426624714519,688.7138051781138
2024-10-14,Stan Wawrinka vs Andrey Rublev,Hard,5.0,0.2582485423460611,0.05824854234606108,12.536429764135699,True,50.145719056542795,738.8595242346566
2024-10-21,Lorenzo Musetti vs Lorenzo Sonego,Hard,2.38,0.48792201851891975,0.06775395129202899,21.5841217890614,False,-21.5841217890614,717.2754024455952
2024-10-21,Matteo Berrettini vs Frances Tiafoe,Hard,2.3,0.49618499012123424,0.06140238142558202,19.48030020206737,False,-19.48030020206737,697.7951022435278
2024-10-21,Karen Khachanov vs Matteo Berrettini,Hard,2.3,0.5322447696449321,0.09746216094927984,30.080735134288304,True,39.10495567457479,736.9000579181026
2024-10-28,Holger Rune vs Matteo Arnaldi,Hard,3.75,0.33327506382708894,0.06660839716042227,16.733090360913803,False,-16.733090360913803,720.1669675571887
2024-10-28,Francisco Cerundolo vs Andrey Rublev,Hard,3.4,0.3817492261518123,0.08763157909298874,22.35123470458283,True,53.642963290998786,773.8099308481875
2024-10-28,Alexei Popyrin vs Daniil Medvedev,Hard,3.5,0.3973861543157888,0.11167186860150308,30.24448032207594,True,75.61120080518985,849.4211316533773
2024-10-28,Ugo Humbert vs Marcos Giron,Hard,3.4,0.41025286537242717,0.11613521831360363,34.93773011668343,False,-34.93773011668343,814.4834015366939
2024-10-28,Grigor Dimitrov vs Arthur Rinderknech,Hard,4.5,0.3035465971572481,0.08132437493502587,21.290577918725997,False,-21.290577918725997,793.192823617968
2024-11-03,Fabian Marozsan vs Juncheng Shang,Hard,2.75,0.5206547472389391,0.15701838360257547,39.659641180898404,True,69.40437206657221,862.5971956845402
2024-11-03,Andrey Rublev vs Lorenzo Sonego,Hard,1.3,0.829391379046931,0.06016060981616189,43.129859784227015,True,12.938957935268107,875.5361536198084
2024-11-03,Benjamin Bonzi vs Casper Ruud,Hard,1.91,0.7247907545289857,0.2012305451049019,43.77680768099042,False,-43.77680768099042,831.759345938818
2024-11-11,Taylor Fritz vs Alexander Zverev,Hard,3.0,0.41646413489501977,0.08313080156168645,25.92930792536924,True,51.85861585073848,883.6179617895565
2024-12-29,Yoshihito Nishioka vs Arthur Rinderknech,Hard,2.5,0.5805125848460068,0.18051258484600674,44.18089808947783,False,-44.18089808947783,839.4370637000786
2024-12-29,Jakub Mensik vs Mikhail Kukushkin,Hard,1.29,0.830499860555903,0.05530606210629063,41.97185318500394,True,12.171837423651143,851.6089011237298
2025-01-06,Luca Nardi vs Flavio Cobolli,Hard,1.44,0.7453175407106807,0.05087309626623626,35.44689404295092,False,-35.44689404295092,816.1620070807788
2025-01-06,Marcos Giron vs Aleksandar Vukic,Hard,1.8,0.6262785959180784,0.07072304036252286,32.468320445136534,False,-32.468320445136534,783.6936866356423
2025-01-06,Miomir Kecmanovic vs Alexander Bublik,Hard,2.3,0.5350564135581355,0.10027380486248327,34.75828460635073,False,-34.75828460635073,748.9354020292916
2025-01-06,Rinky Hijikata vs David Goffin,Hard,1.62,0.6928861252920964,0.07560217467481245,36.98639315995097,False,-36.98639315995097,711.9490088693407
2025-01-06,Nishesh Basavareddy vs Alejandro Tabilo,Hard,2.0,0.6010673772228444,0.10106737722284442,35.59745044346703,False,-35.59745044346703,676.3515584258737
2025-01-06,Zizou Bergs vs Luca Nardi,Hard,1.62,0.6889852110428567,0.07170126042557279,31.678354819554684,True,19.640579988123907,695.9921384139976
2025-01-06,Sebastian Korda vs Thanasi Kokkinakis,Hard,1.67,0.6838542537188613,0.08505185850928043,34.79960692069988,True,23.315736636868916,719.3078750508665
2025-01-06,Gael Monfils vs Nishesh Basavareddy,Hard,1.67,0.7163199001181149,0.11751750490853397,35.96539375254333,True,24.096813814204026,743.4046888650705
2025-01-06,Zizou Bergs vs Nuno Borges,Hard,1.91,0.6005227108369648,0.07696250141288108,30.021781108983504,True,27.319820809174985,770.7245096742455
2025-01-06,Felix Auger-Aliassime vs Sebastian Korda,Hard,2.1,0.5564542279138435,0.0802637517233673,29.52468305735819,True,32.47715136309401,803.2016610373395
2025-01-13,Holger Rune vs Zhizhen Zhang,Hard,3.5,0.37337209835222196,0.08765781263793626,24.642415249791597,False,-24.642415249791597,778.5592457875479
2025-01-13,Tristan Boyer vs Federico Coria,Hard,5.5,0.24123805836500523,0.0594198765468234,14.135578804442346,False,-14.135578804442346,764.4236669831055
2025-01-13,Cristian Garin vs Borna Coric,Hard,1.73,0.7110642476477556,0.13302956556683065,38.221183349155275,False,-38.221183349155275,726.2024836339502
2025-01-13,Sebastian Korda vs Lukas Klein,Hard,1.33,0.814720484895034,0.06284078564691375,36.31012418169751,True,11.982340979960181,738.1848246139105
2025-01-13,Nuno Borges vs Alexandre Muller,Hard,1.67,0.7005765368644952,0.10177414165491427,36.90924123069552,True,24.729191624565996,762.9140162384764
2025-01-13,Tristan Schoolkate vs Taro Daniel,Hard,2.0,0.5846259598465263,0.08462595984652632,32.28116545227471,True,32.28116545227471,795.1951816907512
2025-01-13,Tomas Machac vs Reilly Opelka,Hard,3.4,0.34888112333435817,0.05476347627553463,15.423126915374901,False,-15.423126915374901,779.7720547753762
2025-01-13,Holger Rune vs Miomir Kecmanovic,Hard,1.44,0.7808494013834617,0.08640495693901729,38.98860273876881,True,17.154985205058274,796.9270399804345
2025-01-27,Constant Lestienne vs Borna Coric,Hard,1.8,0.6982562872938334,0.1427007317382778,39.84635199902173,False,-39.84635199902173,757.0806879814128
2025-02-03,Casper Ruud vs Jaume Munar,Hard,1.33,0.8087994247808338,0.05691972553271352,37.85403439907064,True,12.491831351693314,769.5725193331061
2025-02-10,Federico Coria vs Hugo Gaston,Clay,2.2,0.5520885246257528,0.09754307008029822,34.405463668207894,False,-34.405463668207894,735.1670556648983
2025-02-10,Nuno Borges vs Stan Wawrinka,Hard,1.57,0.6990237026765308,0.06208102751729516,31.42749304986404,True,17.913671038422503,753.0807267033208
2025-02-10,Yunchaokete Bu vs Rinky Hijikata,Hard,2.2,0.5581765954893195,0.103631140943865,35.76953184342088,False,-35.76953184342088,717.3111948599
2025-02-10,Francisco Cerundolo vs Luciano Darderi,Clay,3.2,0.37775892327369287,0.06525892327369287,17.022165901353887,False,-17.022165901353887,700.289028958546
2025-02-10,Laslo Djere vs Alexandre Muller,Clay,2.38,0.497245088424443,0.07707702119755222,23.27234379421986,False,-23.27234379421986,677.0166851643262
2025-02-10,Miomir Kecmanovic vs Borna Gojo,Hard,3.2,0.37605999416985697,0.06355999416985697,15.647700567978358,False,-15.647700567978358,661.3689845963478
2025-02-10,Ethan Quinn vs Tristan Boyer,Hard,1.8,0.630684715582382,0.07512916002682646,27.949554157791802,False,-27.949554157791802,633.419430438556
2025-02-10,Joao Fonseca vs Federico Coria,Clay,6.0,0.2243240935522255,0.05765742688555883,10.956400349521006,False,-10.956400349521006,622.463030089035
2025-02-17,Luciano Darderi vs Hugo Dellien,Clay,1.91,0.6325817801327075,0.10902157070862373,31.12315150445175,True,28.322067869051093,650.7850979580861
2025-02-17,Matteo Berrettini vs Tallon Griekspoor,Hard,3.0,0.4826861496219793,0.149352816288646,32.53925489790431,False,-32.53925489790431,618.2458430601818
2025-02-17,Francisco Comesana vs Nicolas Jarry,Clay,1.53,0.7313010706441545,0.07770629940232443,30.91229215300909,False,-30.91229215300909,587.3335509071727
2025-02-24,Mariano Navone vs Alexander Shevchenko,Hard,3.5,0.34033712178529774,0.05462283607101204,11.228638494572762,False,-11.228638494572762,576.1049124125999
2025-02-24,Nuno Borges vs Arthur Fils,Hard,1.62,0.6723175940563227,0.055033643439038826,20.710623701521698,False,-20.710623701521698,555.3942887110782
2025-02-24,Laslo Djere vs Ignacio Buse,Hard,4.5,0.2775133238858857,0.05529110166366347,9.870544954460017,False,-9.870544954460017,545.5237437566182
2025-03-03,Matteo Arnaldi vs Aleksandar Kovacevic,Hard,3.0,0.39586089840269056,0.06252756506935725,12.791351769232989,False,-12.791351769232989,532.7323919873852
2025-03-03,Jenson Brooksby vs Benjamin Bonzi,Hard,1.91,0.6457142727319941,0.12215406330791034,26.63661959936926,False,-26.63661959936926,506.0957723880159
2025-03-03,Joao Fonseca vs Jacob Fearnley,Hard,1.29,0.8319682820303376,0.05677448358072523,25.304788619400796,True,7.338388699626232,513.4341610876421
2025-03-03,Hugo Gaston vs Luciano Darderi,Hard,2.5,0.49882850209360885,0.09882850209360883,21.142470443325138,False,-21.142470443325138,492.291690644317
2025-03-03,Dusan Lajovic vs Li Tu,Hard,1.8,0.6748799041260345,0.11932434857047891,24.61458453221585,True,19.69166762577268,511.98335827008964
2025-03-03,Tallon Griekspoor vs Miomir Kecmanovic,Hard,1.73,0.6675590166285692,0.0895243345476443,25.599167913504484,False,-25.599167913504484,486.3841903565852
2025-03-03,Colton Smith vs Flavio Cobolli,Hard,1.63,0.7515574805455361,0.13806054803019863,24.31920951782926,False,-24.31920951782926,462.0649808387559
2025-03-03,Lorenzo Musetti vs Roman Safiullin,Hard,1.91,0.6291851262392048,0.10562491681512098,23.103249041937797,True,21.023956628163393,483.0889374669193
2025-03-03,Yosuke Watanuki vs Frances Tiafoe,Hard,3.2,0.40182183584971365,0.08932183584971365,15.691051190266455,True,34.5203126185862,517.6092500855054
2025-03-03,Holger Rune vs Stefanos Tsitsipas,Hard,2.3,0.49221404318823825,0.05743143449258603,13.148499230730241,True,17.09304899994931,534.7022990854548
2025-03-03,Holger Rune vs Tallon Griekspoor,Hard,2.38,0.48061361302738104,0.060445545800490275,13.935232988299559,False,-13.935232988299559,520.7670660971553
2025-03-03,Jack Draper vs Holger Rune,Hard,2.38,0.5897014614015496,0.1695333941746588,26.038353304857765,False,-26.038353304857765,494.72871279229753
2025-03-17,Corentin Moutet vs Alexander Blockx,Hard,1.62,0.8005016919973045,0.18321774138002056,24.73643563961488,True,15.336590096561228,510.06530288885875
2025-03-17,Zizou Bergs vs Andrey Rublev,Hard,3.5,0.34142524500424176,0.055710959289956064,9.945679563561113,True,24.864198908902782,534.9295017977615
2025-03-17,Sebastian Korda vs Eliot Spizzirri,Hard,1.33,0.817010540332906,0.06513084108478573,26.74647508988808,True,8.826336779663068,543.7558385774246
2025-03-17,Arthur Fils vs Frances Tiafoe,Hard,2.0,0.5581621600483258,0.05816216004832575,15.813007055275875,False,-15.813007055275875,527.9428315221487
2025-03-17,Adam Walton vs Coleman Wong,Hard,2.5,0.5552896264896209,0.15528962648962086,26.397141576107437,False,-26.397141576107437,501.54568994604125
2025-03-17,Francisco Cerundolo vs Casper Ruud,Hard,1.8,0.6250156149561726,0.06946005940061706,19.596033796373725,True,15.676827037098981,517.2225169831403
2025-03-17,Grigor Dimitrov vs Francisco Cerundolo,Hard,2.0,0.5607259880993012,0.06072598809930119,15.704424205504392,False,-15.704424205504392,501.5180927776359
2025-03-31,Hugo Dellien vs Aleksandar Vukic,Clay,2.38,0.5230815128989824,0.10291344567209165,22.25341175493633,False,-22.25341175493633,479.26468102269956
2025-04-07,Jiri Lehecka vs Sebastian Korda,Clay,1.62,0.6822343061068957,0.06495035548961181,20.3338816442679,True,12.607006619446102,491.8716876421457
2025-04-07,Alexei Popyrin vs Frances Tiafoe,Clay,2.2,0.5456146682068521,0.09106921366139759,20.530751915609276,False,-20.530751915609276,471.3409357265364
2025-04-07,Carlos Alcaraz vs Arthur Fils,Clay,3.2,0.3923006935966079,0.07980069359660791,13.677575851437018,False,-13.677575851437018,457.66335987509933
2025-04-14,Zizou Bergs vs Alexander Bublik,Clay,2.3,0.5571725593363313,0.12238995064067903,22.883167993754967,False,-22.883167993754967,434.78019188134436
2025-04-14,Arthur Fils vs Pedro Martinez,Clay,4.5,0.27669951294310724,0.05447729072088503,7.613243650543552,False,-7.613243650543552,427.1669482308008
2025-04-14,Fabian Marozsan vs Zizou Bergs,Clay,1.67,0.65807107022401,0.05926867501442912,15.776277530883094,True,10.570105945691672,437.7370541764925
2025-04-21,Nicolas Jarry vs Daniel Altmaier,Clay,2.2,0.5534884398953952,0.09894298534994067,19.850880013484154,True,23.82105601618099,461.5581101926735
2025-04-21,Harold Mayot vs Corentin Moutet,Clay,2.5,0.46956354229669817,0.06956354229669814,13.378173800321715,True,20.06726070048257,481.62537089315606
2025-04-21,Grigor Dimitrov vs Nicolas Jarry,Clay,3.2,0.3702038313066851,0.057703831306685105,10.106046965468481,False,-10.106046965468481,471.5193239276876
2025-04-21,Alexandre Muller vs Ugo Humbert,Clay,2.0,0.5804551262727543,0.08045512627275431,18.968073373322923,True,18.968073373322923,490.4873973010105
2025-04-21,Gabriel Diallo vs Kamil Majchrzak,Clay,2.0,0.6282088837650069,0.12820888376500694,24.524369865050527,True,24.524369865050527,515.0117671660611
2025-04-21,Daniil Medvedev vs Laslo Djere,Clay,1.67,0.6491703050943224,0.05036790988474149,16.164145777834612,True,10.829977671149189,525.8417448372103
2025-04-21,Jack Draper vs Matteo Berrettini,Clay,2.38,0.48637525142761756,0.0662071842007268,15.010600181316608,False,-15.010600181316608,510.8311446558937
2025-04-21,Tommy Paul vs Karen Khachanov,Clay,2.2,0.5254678521370254,0.07092239759157087,16.605127707411174,False,-16.605127707411174,494.22601694848254
2025-05-05,Vilius Gaubas vs Damir Dzumhur,Clay,1.91,0.7570971194691883,0.23353691004510457,24.711300847424127,False,-24.711300847424127,469.5147161010584
2025-05-05,Dusan Lajovic vs Yoshihito Nishioka,Clay,4.0,0.31094862265322964,0.060948622653229645,9.538758420593885,False,-9.538758420593885,459.97595768046455
2025-05-05,Carlos Taberner vs Aleksandar Kovacevic,Clay,2.38,0.4891911481670153,0.06902308094012455,13.688862221526486,False,-13.688862221526486,446.28709545893804
2025-05-05,Jaume Munar vs Ben Shelton,Clay,1.73,0.6476346004618944,0.06959991838096946,18.402901908859626,False,-18.402901908859626,427.8841935500784
2025-05-05,Tomas Machac vs Learner Tien,Clay,1.29,0.8353685286586661,0.06017473020905373,21.394209677503923,True,6.204320806476138,434.0885143565545
2025-05-05,Brandon Nakashima vs Jordan Thompson,Clay,3.0,0.3912869164314479,0.0579535830981146,9.43386929576238,False,-9.43386929576238,424.6546450607921
2025-05-05,Jakub Mensik vs Fabian Marozsan,Clay,1.73,0.6318079110403169,0.05377322895939196,13.528985966272375,True,9.876159755378833,434.5308048161709
2025-05-05,Jaume Munar vs Sebastian Korda,Clay,1.67,0.7058203523052962,0.10701795709571527,21.726540240808546,False,-21.726540240808546,412.80426457536237
2025-05-05,Carlos Alcaraz vs Karen Khachanov,Clay,8.0,0.17726994841332527,0.05226994841332527,6.164930746901391,False,-6.164930746901391,406.63933382846096
2025-05-05,Jannik Sinner vs Casper Ruud,Clay,3.75,0.34709672541992087,0.08043005875325421,11.1497814242752,False,-11.1497814242752,395.48955240418576
2025-05-05,Tommy Paul vs Hubert Hurkacz,Clay,3.0,0.4109031060362266,0.07756977270289328,11.504263007385632,False,-11.504263007385632,383.9852893968001
2025-05-19,Frances Tiafoe vs Yunchaokete Bu,Clay,1.5,0.7340930032053133,0.06742633653864671,19.199264469840006,True,9.599632234920003,393.58492163172014
2025-05-19,Jacob Fearnley vs Dusan Lajovic,Clay,1.8,0.7118625658462564,0.15630701029070082,19.679246081586008,True,15.743396865268807,409.3283184969889
2025-05-19,Marton Fucsovics vs Zizou Bergs,Clay,2.2,0.5233307698928322,0.0687853153473777,12.904731339695816,False,-12.904731339695816,396.42358715729307
2025-05-19,Cameron Norrie vs Tomas Machac,Clay,2.5,0.5784573024953323,0.17845730249533232,19.821179357864654,True,29.731769036796983,426.1553561940901
2025-05-19,Alexei Popyrin vs Jacob Fearnley,Clay,1.91,0.5746534565234217,0.051093247099337935,11.42519020630666,True,10.39692308773906,436.55227928182916
2025-05-19,Matteo Arnaldi vs Fabian Marozsan,Clay,2.1,0.5438974227773569,0.0677069465868807,14.107046794773463,True,15.517751474250812,452.07003075608
2025-05-19,Sebastian Ofner vs Nuno Borges,Clay,1.91,0.5930659028140908,0.069505693390007,16.487624233988285,False,-16.487624233988285,435.5824065220917
2025-05-19,Hubert Hurkacz vs Taylor Fritz,Clay,2.3,0.5043991496805952,0.06961654098494297,13.412423663215414,True,17.436150762180034,453.0185572842717
2025-05-19,Tomas Martin Etcheverry vs Jiri Lehecka,Clay,2.63,0.4694493683127073,0.08922123143057797,16.303932118857546,True,26.575409353737797,479.59396663800953
2025-05-19,Flavio Cobolli vs Andrey Rublev,Clay,3.0,0.39880494066039546,0.06547160732706214,11.774920447556964,True,23.549840895113928,503.14380753312344
2025-05-26,Flavio Cobolli vs Marin Cilic,Clay,3.0,0.41097194271739423,0.07763860938406092,14.648769576402483,False,-14.648769576402483,488.495037956721
2025-05-26,Gael Monfils vs Hugo Dellien,Clay,3.4,0.39316184791827635,0.09904420085945281,17.135504399790324,False,-17.135504399790324,471.35953355693067
2025-05-26,Ethan Quinn vs Alexander Shevchenko,Clay,2.1,0.5344351019366778,0.058244625746201595,13.1031216386927,True,14.413433802561972,485.77296735949267
2025-05-26,Sebastian Korda vs Jenson Brooksby,Clay,3.4,0.3615171092553527,0.06739946219652915,11.595713015498177,False,-11.595713015498177,474.1772543439945
2025-05-26,Alexei Popyrin vs Alejandro Tabilo,Clay,1.5,0.730528363857954,0.06386169719128743,22.71132317393418,True,11.35566158696709,485.53291593096156
2025-05-26,Quentin Halys vs Miomir Kecmanovic,Clay,2.38,0.5741866597000598,0.154018592473169,24.27664579654808,True,33.50177119923635,519.0346871301979
2025-05-26,Mariano Navone vs Reilly Opelka,Clay,4.0,0.32487594480109655,0.07487594480109655,12.954404194471705,False,-12.954404194471705,506.0802829357262
2025-05-26,Ben Shelton vs Matteo Gigante,Clay,1.53,0.7449658708075831,0.09137109956575307,25.30401414678631,True,13.411127497796747,519.4914104335229
2025-06-09,Marton Fucsovics vs Yannick Hanfmann,Grass,2.6,0.4454295917928759,0.06081420717749131,12.834436168544016,False,-12.834436168544016,506.6569742649789
2025-06-09,Ugo Humbert vs Daniel Evans,Grass,1.36,0.8345135015784589,0.09921938393140017,25.332848713248946,True,9.119825536769623,515.7767998017486
2025-06-09,Mark Lajal vs Hubert Hurkacz,Grass,1.53,0.7508313482137668,0.09723657697193677,25.78883999008743,False,-25.78883999008743,489.98795981166114
2025-06-16,Alexei Popyrin vs Aleksandar Vukic,Grass,1.6,0.7199922972272688,0.09499229722726876,24.49939799058306,True,14.699638794349838,504.68759860601097
2025-06-16,Fabian Marozsan vs Miomir Kecmanovic,Grass,1.83,0.629037342630435,0.08258925519874105,22.97519408576754,False,-22.97519408576754,481.7124045202434
2025-06-16,Jacob Fearnley vs Corentin Moutet,Grass,2.4,0.49565910697138954,0.07899244030472286,16.307845010618504,False,-16.307845010618504,465.4045595096249
2025-06-16,Jiri Lehecka vs Gabriel Diallo,Grass,2.4,0.5723765398100804,0.15570987314341372,23.270227975481248,False,-23.270227975481248,442.13433153414366
2025-06-16,Flavio Cobolli vs Denis Shapovalov,Grass,2.38,0.612953683757282,0.19278561653039122,22.106716576707186,True,30.507268875855914,472.64160040999957
2025-06-16,Alexander Bublik vs Karen Khachanov,Grass,2.25,0.5621896452229767,0.11774520077853223,23.63208002049998,False,-23.63208002049998,449.0095203894996
2025-06-23,Jacob Fearnley vs Flavio Cobolli,Grass,2.1,0.5356980975281236,0.05950762133764742,12.752483155524489,False,-12.752483155524489,436.2570372339751
2025-06-23,Hamad Medjedovic vs Nishesh Basavareddy,Grass,1.67,0.6492920934422945,0.05048969823271365,13.725459660550268,True,9.196057972568678,445.45309520654376
2025-06-23,Reilly Opelka vs George Loffhagen,Grass,1.57,0.6922031919531623,0.05526051679392663,16.950469364145377,True,9.661767537562866,455.11486274410663
2025-06-23,Mattia Bellucci vs Quentin Halys,Grass,1.62,0.6819074307468749,0.06462348012959096,19.212093624413292,False,-19.212093624413292,435.90276911969335
2025-06-23,Felix Auger-Aliassime vs Hamad Medjedovic,Grass,2.8,0.41763572077496336,0.06049286363210621,10.254613743583644,False,-10.254613743583644,425.6481553761097
2025-06-23,Jenson Brooksby vs Daniel Evans,Grass,1.75,0.6559009464833987,0.0844723750548273,20.974047863023575,True,15.730535897267682,441.37869127337734
2025-06-30,Billy Harris vs Dusan Lajovic,Grass,1.4,0.774081107015401,0.0597953927296867,22.06893456366887,True,8.827573825467546,450.2062650988449
2025-06-30,Oliver Tarvet vs Leandro Riedi,Grass,1.75,0.6703321674538628,0.09890359602529142,22.510313254942247,False,-22.510313254942247,427.69595184390266
2025-07-14,Elias Ymer vs Tristan Boyer,Clay,2.5,0.46393804516756015,0.06393804516756013,11.394184619574197,False,-11.394184619574197,416.30176722432844
2025-07-14,Emilio Nava vs Aleksandar Vukic,Hard,1.8,0.6160927117607036,0.06053715620514799,14.17597037490282,False,-14.17597037490282,402.1257968494256
2025-07-14,Francisco Cerundolo vs Mariano Navone,Clay,2.1,0.5340429720137221,0.05785249582324592,11.103263650810627,False,-11.103263650810627,391.022533198615
2025-07-21,Titouan Droguet vs Cristian Garin,Clay,1.67,0.6982871021712365,0.09948470696165557,19.551126659930752,False,-19.551126659930752,371.4714065386843
2025-07-21,Alexandre Muller vs Beibit Zhukayev,Hard,2.9,0.4501811928543508,0.10535360664745425,14.933417380425535,False,-14.933417380425535,356.53798915825877
2025-07-21,Yoshihito Nishioka vs Jenson Brooksby,Hard,1.33,0.8045591967329175,0.05267949748479728,17.82689945791294,False,-17.82689945791294,338.71108970034584
2025-07-21,Learner Tien vs Andrey Rublev,Hard,2.8,0.41695786963153075,0.0598150124886736,7.8788920235193896,True,14.1820056423349,352.89309534268074
2025-07-21,Damir Dzumhur vs Titouan Droguet,Clay,1.9,0.660724852418587,0.13440906294490285,17.64465476713404,True,15.880189290420633,368.77328463310135
2025-07-21,Jiri Lehecka vs Zachary Svajda,Hard,1.45,0.7579345099941821,0.06827933758038895,18.438664231655068,True,8.29739890424478,377.07068353734616
2025-07-21,Corentin Moutet vs Daniel Evans,Hard,2.8,0.4431845673032749,0.08604171016041773,12.617035846687582,False,-12.617035846687582,364.45364769065856
2025-07-21,Ben Shelton vs Frances Tiafoe,Hard,3.0,0.4077508273030043,0.07441749396967101,10.17064767346657,False,-10.17064767346657,354.28300001719197
2025-07-27,Facundo Bagnis vs Vasek Pospisil,Hard,5.0,0.2989510862030327,0.09895108620303267,10.955214898428185,False,-10.955214898428185,343.32778511876376
2025-07-27,Francisco Cerundolo vs Jaume Munar,Hard,1.87,0.6028973215195303,0.06813796323076038,12.570728941733833,True,10.936534179308437,354.26431929807217
2025-08-07,Ben Shelton vs Jiri Lehecka,Hard,1.67,0.6540939324836883,0.055291537274107405,12.205842321508934,True,8.177914355410985,362.44223365348313
2025-08-07,Holger Rune vs Alex Michelsen,Hard,2.5,0.48236253790983913,0.0823625379098391,12.438192587254905,False,-12.438192587254905,350.00404106622824
2025-08-07,Terence Atmane vs Yoshihito Nishioka,Hard,1.7,0.6481410040993378,0.05990570998169076,12.730110350038045,False,-12.730110350038045,337.2739307161902
2025-08-07,Learner Tien vs Leandro Riedi,Hard,1.4,0.7838848989990871,0.06959918471337279,16.86369653580951,True,6.745478614323803,344.019409330514
2025-08-07,Benjamin Bonzi vs Matteo Arnaldi,Hard,2.8,0.5147633948808508,0.15762053773799362,17.2009704665257,True,30.961746839746258,374.98115617026025
2025-08-07,Hamad Medjedovic vs Aleksandar Kovacevic,Hard,1.91,0.5945010264781329,0.07094081705404909,13.958463443216303,True,12.702201733326834,387.6833579035871
2025-08-07,Martin Landaluce vs Patrick Kypson,Hard,2.2,0.5171452486652754,0.06259979411982092,11.123245094704147,True,13.34789411364498,401.0312520172321
2025-08-07,Alexander Blockx vs Marcos Giron,Hard,1.62,0.6850832105708489,0.06779925995356495,17.760962826666248,False,-17.760962826666248,383.27028919056585
2025-08-24,Carlos Alcaraz vs Jannik Sinner,Hard,2.75,0.42643404808539787,0.06279768444903422,9.455476909716849,True,16.547084592004484,399.8173737825703
2025-08-24,Leandro Riedi vs Francisco Cerundolo,Hard,1.44,0.8151085936406012,0.12066414919615676,19.99086868912852,False,-19.99086868912852,379.8265050934418
2025-08-24,Felix Auger-Aliassime vs Roman Safiullin,Hard,3.4,0.41259099605858696,0.11847334899976342,15.937258492792246,False,-15.937258492792246,363.8892466006496
2025-08-24,Tomas Machac vs Luca Nardi,Hard,1.4,0.7787920260162355,0.06450631173052124,18.19446233003248,True,7.27778493201299,371.1670315326626
2025-08-24,Stefanos Tsitsipas vs Alexandre Muller,Hard,1.44,0.7931733454562331,0.09872890101178866,18.55835157663313,True,8.165674693718575,379.33270622638116
2025-08-24,Leandro Riedi vs Pedro Martinez,Hard,2.38,0.5302361704050809,0.1100681031781901,18.001954138719928,False,-18.001954138719928,361.3307520876612
2025-08-24,Karen Khachanov vs Nishesh Basavareddy,Hard,4.0,0.3138150928105785,0.06381509281057851,7.686118493263411,False,-7.686118493263411,353.6446335943978
2025-08-24,Tristan Boyer vs James Duckworth,Hard,2.1,0.6053489194190209,0.12915844322854475,17.68223167971989,True,19.45045484769188,373.0950884420897
2025-09-17,Giulio Zeppieri vs Fajing Sun,Hard,5.0,0.2533141536426801,0.05331415364268011,6.216015271415907,False,-6.216015271415907,366.8790731706738
2025-09-17,Alexander Bublik vs Valentin Royer,Hard,4.0,0.3278197727054205,0.07781977270542051,9.516815361505724,False,-9.516815361505724,357.36225780916806
2025-09-17,Alejandro Tabilo vs Jordan Thompson,Hard,2.0,0.5508045274659255,0.05080452746592545,9.077810321075505,False,-9.077810321075505,348.28444748809255
2025-09-17,Brandon Nakashima vs Juncheng Shang,Hard,1.57,0.696586814632357,0.059644139473121416,14.304301787196993,True,8.153452018702287,356.43789950679485
2025-09-24,Aleksandar Vukic vs Damir Dzumhur,Hard,1.53,0.7126750931260797,0.05908032188424961,15.197855059881658,True,8.054863181737279,364.49276268853214
2025-09-24,Jenson Brooksby vs Ugo Humbert,Hard,1.53,0.7243836969804909,0.0707889257386608,18.22463813442661,False,-18.22463813442661,346.26812455410555
2025-09-24,Jakub Mensik vs Arthur Cazaux,Hard,1.44,0.8396200848847029,0.14517564044025844,17.31340622770528,True,7.617898740190322,353.88602329429585
2025-09-24,Learner Tien vs Flavio Cobolli,Hard,1.53,0.7644360875862258,0.11084131634439576,17.694301164714794,False,-17.694301164714794,336.1917221295811
2025-10-13,Kamil Majchrzak vs Filip Misolic,Hard,1.4,0.7941338575864912,0.07984814330077694,16.809586106479056,True,6.723834442591621,342.9155565721727
2025-10-13,Adam Walton vs Tristan Schoolkate,Hard,1.8,0.6553243060889877,0.09976875053343215,17.145777828608637,True,13.71662226288691,356.6321788350596
2025-10-13,Corentin Moutet vs Alexander Shevchenko,Hard,3.0,0.47796181737851695,0.14462848404518364,17.831608941752982,False,-17.831608941752982,338.80056989330666
2025-10-13,James Duckworth vs Flavio Cobolli,Hard,3.0,0.3947977868559967,0.06146445352266339,7.809071955622126,True,15.618143911244251,354.4187138045509
2025-10-13,Ugo Humbert vs Holger Rune,Hard,1.91,0.667218616750263,0.14365840732617918,17.720935690227545,False,-17.720935690227545,336.6977781143234
2025-10-13,Corentin Moutet vs Alex Michelsen,Hard,1.8,0.606663351803,0.05110779624744444,9.679433310469188,True,7.74354664837535,344.44132476269874
2025-10-20,Taylor Fritz vs Valentin Vacherot,Hard,4.33,0.2992772611131264,0.06833037889603635,7.650903976678129,False,-7.650903976678129,336.7904207860206
2025-10-20,Denis Shapovalov vs Marcos Giron,Hard,2.2,0.5594910944355662,0.10494563989011169,16.199647850030754,False,-16.199647850030754,320.59077293598983
2025-10-20,Francisco Cerundolo vs Alex Michelsen,Hard,1.8,0.6390073490991,0.08345179354354437,15.049054684698493,False,-15.049054684698493,305.54171825129134
2025-10-20,Jaume Munar vs Remy Bertola,Hard,1.36,0.830974150895649,0.0956800332485902,15.277085912564567,True,5.4997509285232455,311.0414691798146
2025-10-20,Corentin Moutet vs Daniil Medvedev,Hard,3.0,0.46557316844115293,0.13223983510781961,15.424527223512237,True,30.849054447024475,341.89052362683907
2025-10-20,Joao Fonseca vs Jakub Mensik,Hard,1.67,0.650081621100135,0.051279225890554114,10.92471713537458,True,7.319560480700968,349.21008410754
2025-10-27,Arthur Cazaux vs Luciano Darderi,Hard,3.0,0.4044989280304831,0.07116559469714978,9.319403741158043,False,-9.319403741158043,339.89068036638196
2025-10-27,Cameron Norrie vs Sebastian Baez,Hard,4.5,0.3011890313710334,0.07896680914881121,8.627169371127328,False,-8.627169371127328,331.26351099525465
2025-10-27,Karen Khachanov vs Ethan Quinn,Hard,1.4,0.7685706369632864,0.05428492267757212,15.734787320243647,True,6.293914928097458,337.5574259233521
2025-10-27,Zizou Bergs vs Alex Michelsen,Hard,2.0,0.5819981211277903,0.08199812112779026,13.839537349224058,True,13.839537349224058,351.39696327257616
2025-10-27,Daniil Medvedev vs Jaume Munar,Hard,1.44,0.7489438126622572,0.05449936821781276,15.668928402556366,True,6.894328497124801,358.29129176970093
2025-10-27,Gabriel Diallo vs Tallon Griekspoor,Hard,2.0,0.5729907980089178,0.07299079800891783,13.075983652958243,True,13.075983652958243,371.3672754226592
2025-10-27,Ben Shelton vs Flavio Cobolli,Hard,2.0,0.5504703274098857,0.05047032740988566,9.371513989949397,True,9.371513989949397,380.7387894126086
2025-10-27,Felix Auger-Aliassime vs Alexandre Muller,Hard,1.29,0.8268684032222482,0.05167460477263586,19.03693947063043,True,5.520712446482825,386.2595018590914
2025-10-27,Francisco Cerundolo vs Miomir Kecmanovic,Hard,3.0,0.3985340778809525,0.0652007445476192,9.444152666176972,False,-9.444152666176972,376.8153491929144
2025-10-27,Karen Khachanov vs Joao Fonseca,Hard,2.1,0.5902602618975177,0.11406978570704152,18.840767459645722,False,-18.840767459645722,357.9745817332687
2025-10-27,Felix Auger-Aliassime vs Daniel Altmaier,Hard,1.4,0.7881340245653896,0.07384831027967531,17.898729086663433,True,7.159491634665372,365.13407336793404
2025-11-03,Learner Tien vs Ugo Blanchet,Hard,1.22,0.8730914956732045,0.05341936452566354,18.256703668396703,True,4.016474807047274,369.1505481749813
2025-11-03,Arthur Cazaux vs Adrian Mannarino,Hard,2.63,0.4981024148117541,0.1178742779296248,17.552165927051593,False,-17.552165927051593,351.5983822479297
2025-11-03,Sebastian Korda vs Alexei Popyrin,Hard,2.38,0.4897539447365225,0.06958587750963174,10.548867946387691,False,-10.548867946387691,341.049514301542
2025-11-03,Hugo Gaston vs Terence Atmane,Hard,2.38,0.5925180556276394,0.1723499884007486,17.0524757150771,False,-17.0524757150771,323.9970385864649
2025-11-03,Tomas Martin Etcheverry vs Mackenzie McDonald,Hard,1.8,0.6951854953237487,0.13962993976819316,16.199851929323245,True,12.959881543458597,336.9569201299235
2025-11-03,Alexander Blockx vs Francesco Passaro,Hard,2.5,0.4694970964572526,0.0694970964572526,9.757303158420028,False,-9.757303158420028,327.1996169715035
2025-11-03,Lorenzo Sonego vs Flavio Cobolli,Hard,2.1,0.6402551224839197,0.16406464629344353,16.359980848575173,True,17.995978933432692,345.19559590493617
2025-11-03,Cameron Norrie vs Arthur Cazaux,Hard,1.8,0.6293651668875125,0.07380961133195696,14.331798431576232,True,11.465438745260986,356.66103465019717
2025-11-03,Learner Tien vs Matteo Berrettini,Hard,2.2,0.540667481621143,0.08612202707568845,14.07833683803586,True,16.894004205643036,373.5550388558402
2025-11-03,Yannick Hanfmann vs Marcos Giron,Hard,2.38,0.4713437236135377,0.05117565638664695,8.242442003219043,True,11.374569964442278,384.9296088202825
2025-11-03,Lorenzo Musetti vs Sebastian Korda,Hard,1.73,0.6436500976776792,0.06561541559675432,14.964094906422375,True,10.923789281688332,395.85339810197087
2025-11-03,Novak Djokovic vs Lorenzo Musetti,Hard,3.2,0.42084099788935914,0.10834099788935914,15.595328061185919,False,-15.595328061185919,380.25807004078496
2025-11-10,Alexander Zverev vs Ben Shelton,Hard,2.5,0.4628454281337202,0.06284542813372018,9.957283838756373,False,-9.957283838756373,370.3007862020286
2025-11-10,Felix Auger-Aliassime vs Alexander Zverev,Hard,4.5,0.29247366873196257,0.07025144650974036,8.361696173909982,False,-8.361696173909982,361.9390900281186
2026-01-06,Coleman Wong vs Mariano Navone,Hard,1.73,0.7024600455608556,0.12442536347993072,18.09695450140593,True,13.210776786026328,375.1498668141449
2026-01-06,Aleksandar Kovacevic vs Nick Kyrgios,Hard,2.3,0.5843984607682308,0.14961585207257855,18.757493340707246,False,-18.757493340707246,356.39237347343766
2026-01-07,Kamil Majchrzak vs Reilly Opelka,Hard,1.8,0.6303706218017744,0.07481506624621881,14.99822945497261,False,-14.99822945497261,341.39414401846506
2026-01-09,Alexander Bublik vs Juncheng Shang,Hard,1.53,0.7130758962826258,0.059481125040795724,14.655168342402526,True,7.767239221473339,349.1613832399384
2026-01-11,Alexander Bublik vs Lorenzo Musetti,Hard,2.0,0.5649202479036811,0.06492024790368112,11.333821779164506,False,-11.333821779164506,337.8275614607739
2026-01-12,Reilly Opelka vs Alexei Popyrin,Hard,2.0,0.6027955694747811,0.10279556947478108,16.891378073038695,True,16.891378073038695,354.7189395338126
2026-01-12,Valentin Vacherot vs Miomir Kecmanovic,Hard,1.73,0.6611096773178889,0.08307499523696404,17.458943283274692,True,12.745028596790526,367.4639681306031
2026-01-12,Francisco Comesana vs Valentin Royer,Hard,1.67,0.6989280078267797,0.10012561261719877,18.373198406530157,False,-18.373198406530157,349.09076972407297
2026-01-12,Ugo Humbert vs Terence Atmane,Hard,3.5,0.3455818550931477,0.05986756937886201,7.314725556591698,False,-7.314725556591698,341.77604416748125
2026-01-13,Marcos Giron vs Alexandre Muller,Hard,1.8,0.6905424961311133,0.1349869405755577,17.088802208374062,True,13.67104176669925,355.4470859341805
2026-01-13,Nuno Borges vs Tomas Martin Etcheverry,Hard,2.0,0.561998415186899,0.06199841518689897,11.01857800536034,False,-11.01857800536034,344.4285079288202
